{
  "bot_states": [
    {
      "ID": 0,
      "direction": 16.940574031687312,
      "state": {
        "Opinion": 1
      },
      "x_position": 104.35941694548164,
      "y_position": 494.7096168439279
    },
    {
      "ID": 1,
      "direction": 25.363956029177121,
      "state": {
        "Opinion": 2
      },
      "x_position": -350.07868236828887,
      "y_position": 4.1035082526300153
    },
    {
      "ID": 2,
      "direction": 24.654399146166625,
      "state": {
        "Opinion": 2
      },
      "x_position": -421.13682878069562,
      "y_position": -421.04424056870022
    },
    {
      "ID": 3,
      "direction": 22.054071908250378,
      "state": {
        "Opinion": 1
      },
      "x_position": 125.4122866547018,
      "y_position": 353.79561668764467
    },
    {
      "ID": 4,
      "direction": 22.743685195754558,
      "state": {
        "Opinion": 1
      },
      "x_position": 118.38455812367869,
      "y_position": -132.13052743473978
    },
    {
      "ID": 5,
      "direction": 25.976384273021171,
      "state": {
        "Opinion": 2
      },
      "x_position": -133.52940448655309,
      "y_position": 64.745604418719779
    },
    {
      "ID": 6,
      "direction": 29.766860728590114,
      "state": {
        "Opinion": 1
      },
      "x_position": -537.50704219537488,
      "y_position": 123.04407212519277
    },
    {
      "ID": 7,
      "direction": 23.441715944110609,
      "state": {
        "Opinion": 2
      },
      "x_position": -87.610094600698318,
      "y_position": -276.9290950563198
    },
    {
      "ID": 8,
      "direction": 12.58234832928237,
      "state": {
        "Opinion": 2
      },
      "x_position": -333.0015208581006,
      "y_position": -69.269324257353588
    },
    {
      "ID": 9,
      "direction": 28.894710716251534,
      "state": {
        "Opinion": 1
      },
      "x_position": -243.94985882870716,
      "y_position": -79.143438541219837
    },
    {
      "ID": 10,
      "direction": 27.263662256500169,
      "state": {
        "Opinion": 1
      },
      "x_position": -734.93092578931112,
      "y_position": 101.45892609097407
    },
    {
      "ID": 11,
      "direction": 22.994989175571639,
      "state": {
        "Opinion": 1
      },
      "x_position": -91.526016836467775,
      "y_position": -185.64075914516542
    },
    {
      "ID": 12,
      "direction": 15.710537317548175,
      "state": {
        "Opinion": 1
      },
      "x_position": 91.870526269448106,
      "y_position": 360.76706225546911
    },
    {
      "ID": 13,
      "direction": 27.277065986895021,
      "state": {
        "Opinion": 1
      },
      "x_position": -721.46842406981364,
      "y_position": 59.751217155963772
    },
    {
      "ID": 14,
      "direction": 25.126055623292693,
      "state": {
        "Opinion": 2
      },
      "x_position": -150.91913383226506,
      "y_position": -414.47306374762246
    },
    {
      "ID": 15,
      "direction": 17.444541808795847,
      "state": {
        "Opinion": 1
      },
      "x_position": 251.95642616604377,
      "y_position": -51.409630585745099
    },
    {
      "ID": 16,
      "direction": 18.507841073865276,
      "state": {
        "Opinion": 2
      },
      "x_position": -386.57084445021269,
      "y_position": -275.59780170087168
    },
    {
      "ID": 17,
      "direction": 28.523938039970449,
      "state": {
        "Opinion": 1
      },
      "x_position": 41.521594731173892,
      "y_position": -8.6980380163997442
    },
    {
      "ID": 18,
      "direction": 21.693271249514584,
      "state": {
        "Opinion": 2
      },
      "x_position": 111.72436073960877,
      "y_position": -270.11323170553158
    },
    {
      "ID": 19,
      "direction": 21.366854769613081,
      "state": {
        "Opinion": 1
      },
      "x_position": -653.94940643800783,
      "y_position": 661.7235619251278
    },
    {
      "ID": 20,
      "direction": 22.411246569402998,
      "state": {
        "Opinion": 1
      },
      "x_position": 285.31559037008464,
      "y_position": -42.758724964207175
    },
    {
      "ID": 21,
      "direction": 23.956692517191748,
      "state": {
        "Opinion": 1
      },
      "x_position": 271.76609689593937,
      "y_position": -84.198662058492275
    },
    {
      "ID": 22,
      "direction": 10.067623737439172,
      "state": {
        "Opinion": 1
      },
      "x_position": 235.7982529876821,
      "y_position": 522.23180574858736
    },
    {
      "ID": 23,
      "direction": 21.881614632290933,
      "state": {
        "Opinion": 2
      },
      "x_position": 300.71339582246935,
      "y_position": -3.7929811079308822
    },
    {
      "ID": 24,
      "direction": 16.177618006178136,
      "state": {
        "Opinion": 1
      },
      "x_position": 95.379204656552119,
      "y_position": -34.461377438007325
    },
    {
      "ID": 25,
      "direction": 16.798248259618891,
      "state": {
        "Opinion": 1
      },
      "x_position": 37.33096462887282,
      "y_position": -276.51763329696456
    },
    {
      "ID": 26,
      "direction": 23.620605385630974,
      "state": {
        "Opinion": 1
      },
      "x_position": 198.94886773473343,
      "y_position": 268.85454774333635
    },
    {
      "ID": 27,
      "direction": 21.244364625279513,
      "state": {
        "Opinion": 2
      },
      "x_position": 315.20740626319213,
      "y_position": 47.808096063926939
    },
    {
      "ID": 28,
      "direction": 26.071959063299364,
      "state": {
        "Opinion": 2
      },
      "x_position": -218.61452351818198,
      "y_position": 179.93150052499621
    },
    {
      "ID": 29,
      "direction": 18.940430733476543,
      "state": {
        "Opinion": 2
      },
      "x_position": -342.49273989727743,
      "y_position": -32.180759201399496
    },
    {
      "ID": 30,
      "direction": 19.977030520428887,
      "state": {
        "Opinion": 2
      },
      "x_position": -163.49120183142495,
      "y_position": 224.55940028096245
    },
    {
      "ID": 31,
      "direction": 16.44741986429753,
      "state": {
        "Opinion": 1
      },
      "x_position": 284.7969011051585,
      "y_position": 477.93174726636033
    },
    {
      "ID": 32,
      "direction": 26.001940048020739,
      "state": {
        "Opinion": 2
      },
      "x_position": 124.73215147047019,
      "y_position": 310.01612028378662
    },
    {
      "ID": 33,
      "direction": 28.258086723498543,
      "state": {
        "Opinion": 2
      },
      "x_position": 275.41810282586874,
      "y_position": 102.23784957256682
    },
    {
      "ID": 34,
      "direction": 18.857634069116713,
      "state": {
        "Opinion": 1
      },
      "x_position": -252.02963257760686,
      "y_position": -226.12882338758374
    },
    {
      "ID": 35,
      "direction": 35.162204592261091,
      "state": {
        "Opinion": 1
      },
      "x_position": -726.30687693190191,
      "y_position": -28.410297339626812
    },
    {
      "ID": 36,
      "direction": 23.275388663163397,
      "state": {
        "Opinion": 1
      },
      "x_position": -153.7853781145626,
      "y_position": -217.43461457606472
    },
    {
      "ID": 37,
      "direction": 18.507323176389932,
      "state": {
        "Opinion": 2
      },
      "x_position": -437.12876880843385,
      "y_position": -374.15600126797904
    },
    {
      "ID": 38,
      "direction": 22.417893925448787,
      "state": {
        "Opinion": 1
      },
      "x_position": 221.77815749840309,
      "y_position": -72.459619357635404
    },
    {
      "ID": 39,
      "direction": 22.660369918663633,
      "state": {
        "Opinion": 1
      },
      "x_position": 41.104257471954135,
      "y_position": -241.39782992639743
    },
    {
      "ID": 40,
      "direction": 24.755800874289257,
      "state": {
        "Opinion": 2
      },
      "x_position": -363.91278128714634,
      "y_position": -318.35733898035841
    },
    {
      "ID": 41,
      "direction": 26.898501089160053,
      "state": {
        "Opinion": 2
      },
      "x_position": 737.80391593483205,
      "y_position": 247.58956138126993
    },
    {
      "ID": 42,
      "direction": 23.378344046459137,
      "state": {
        "Opinion": 1
      },
      "x_position": -591.28497876129518,
      "y_position": -300.89298233405634
    },
    {
      "ID": 43,
      "direction": 19.767275734548651,
      "state": {
        "Opinion": 2
      },
      "x_position": -197.46734756191839,
      "y_position": 258.88645073875847
    },
    {
      "ID": 44,
      "direction": 22.687738935828886,
      "state": {
        "Opinion": 1
      },
      "x_position": 253.06301865616496,
      "y_position": 491.4985048369075
    },
    {
      "ID": 45,
      "direction": 12.514617326196232,
      "state": {
        "Opinion": 2
      },
      "x_position": -325.73850187431435,
      "y_position": -172.18434496229065
    },
    {
      "ID": 46,
      "direction": 22.204038406681743,
      "state": {
        "Opinion": 1
      },
      "x_position": 162.33925468272801,
      "y_position": 192.31287142173568
    },
    {
      "ID": 47,
      "direction": 14.753626137021628,
      "state": {
        "Opinion": 1
      },
      "x_position": -688.05066972422458,
      "y_position": 659.7502506959496
    },
    {
      "ID": 48,
      "direction": 12.918801806083408,
      "state": {
        "Opinion": 2
      },
      "x_position": -14.546075046681564,
      "y_position": 25.518521347477552
    },
    {
      "ID": 49,
      "direction": 26.635563789158812,
      "state": {
        "Opinion": 2
      },
      "x_position": -167.32250162402283,
      "y_position": 147.42352005630252
    },
    {
      "ID": 50,
      "direction": 15.186172179906489,
      "state": {
        "Opinion": 1
      },
      "x_position": -812.42467108172241,
      "y_position": 899.82636307743985
    },
    {
      "ID": 51,
      "direction": 27.087794637769576,
      "state": {
        "Opinion": 1
      },
      "x_position": -900.09474285012823,
      "y_position": 899.67106477526079
    },
    {
      "ID": 52,
      "direction": 25.347508937080413,
      "state": {
        "Opinion": 2
      },
      "x_position": -169.99365804063436,
      "y_position": 281.67803423194584
    },
    {
      "ID": 53,
      "direction": 25.904509056892717,
      "state": {
        "Opinion": 2
      },
      "x_position": -224.91125240220617,
      "y_position": 145.25279610672595
    },
    {
      "ID": 54,
      "direction": 23.02976095550547,
      "state": {
        "Opinion": 1
      },
      "x_position": 146.6376082618969,
      "y_position": -266.84296923108474
    },
    {
      "ID": 55,
      "direction": 35.914583886460335,
      "state": {
        "Opinion": 1
      },
      "x_position": -352.73007163047197,
      "y_position": -285.03320083856482
    },
    {
      "ID": 56,
      "direction": 22.810767965206914,
      "state": {
        "Opinion": 1
      },
      "x_position": -166.20619807229011,
      "y_position": -273.17730805454545
    },
    {
      "ID": 57,
      "direction": 17.468564531221642,
      "state": {
        "Opinion": 1
      },
      "x_position": 249.68409456038435,
      "y_position": 334.31686314588694
    },
    {
      "ID": 58,
      "direction": 25.806084722789404,
      "state": {
        "Opinion": 2
      },
      "x_position": -129.34614221848238,
      "y_position": 312.73678786887547
    },
    {
      "ID": 59,
      "direction": 27.904062693994344,
      "state": {
        "Opinion": 1
      },
      "x_position": -701.85940160796088,
      "y_position": 89.196322453250687
    },
    {
      "ID": 60,
      "direction": 28.177447258335615,
      "state": {
        "Opinion": 1
      },
      "x_position": -716.68671781042292,
      "y_position": 19.211877970444622
    },
    {
      "ID": 61,
      "direction": 25.01908360147733,
      "state": {
        "Opinion": 2
      },
      "x_position": -140.74261319952265,
      "y_position": -57.36139503982708
    },
    {
      "ID": 62,
      "direction": 20.801888537527173,
      "state": {
        "Opinion": 2
      },
      "x_position": 15.702301729675515,
      "y_position": 181.39465111972217
    },
    {
      "ID": 63,
      "direction": 36.437782356551295,
      "state": {
        "Opinion": 2
      },
      "x_position": -136.83591846529447,
      "y_position": -251.25548114980518
    },
    {
      "ID": 64,
      "direction": 22.312950554811234,
      "state": {
        "Opinion": 1
      },
      "x_position": 84.596573565985295,
      "y_position": 118.82706739975097
    },
    {
      "ID": 65,
      "direction": 18.748071268444463,
      "state": {
        "Opinion": 2
      },
      "x_position": -254.90369682236044,
      "y_position": -137.91034568478719
    },
    {
      "ID": 66,
      "direction": 25.601336958132368,
      "state": {
        "Opinion": 2
      },
      "x_position": -158.10790347478346,
      "y_position": -19.200410355361324
    },
    {
      "ID": 67,
      "direction": 25.647829078096795,
      "state": {
        "Opinion": 2
      },
      "x_position": -165.69215759910662,
      "y_position": 333.61337225250486
    },
    {
      "ID": 68,
      "direction": 28.445392086130283,
      "state": {
        "Opinion": 1
      },
      "x_position": -682.28925652039527,
      "y_position": 19.573606790664066
    },
    {
      "ID": 69,
      "direction": 19.085301616305308,
      "state": {
        "Opinion": 2
      },
      "x_position": -132.86024419098609,
      "y_position": 141.84210582883651
    },
    {
      "ID": 70,
      "direction": 20.909117883888236,
      "state": {
        "Opinion": 1
      },
      "x_position": -725.89956957678191,
      "y_position": 831.39311821875333
    },
    {
      "ID": 71,
      "direction": 35.98723444381914,
      "state": {
        "Opinion": 1
      },
      "x_position": -784.84211016575875,
      "y_position": -48.576498423386077
    },
    {
      "ID": 72,
      "direction": 12.695794551470785,
      "state": {
        "Opinion": 2
      },
      "x_position": -280.45301391325239,
      "y_position": -58.93744000251516
    },
    {
      "ID": 73,
      "direction": 21.756948239487748,
      "state": {
        "Opinion": 1
      },
      "x_position": -686.97176662973493,
      "y_position": 54.931143002133169
    },
    {
      "ID": 74,
      "direction": 22.867412492664307,
      "state": {
        "Opinion": 1
      },
      "x_position": -102.73099049527683,
      "y_position": -245.18203339318723
    },
    {
      "ID": 75,
      "direction": 32.05146625471874,
      "state": {
        "Opinion": 1
      },
      "x_position": -760.33592671705071,
      "y_position": 76.426161977204458
    },
    {
      "ID": 76,
      "direction": 19.387668326598995,
      "state": {
        "Opinion": 2
      },
      "x_position": -261.3935635806958,
      "y_position": 33.178841449599325
    },
    {
      "ID": 77,
      "direction": 19.363670328089086,
      "state": {
        "Opinion": 1
      },
      "x_position": -789.46567504527263,
      "y_position": 57.437821091298275
    },
    {
      "ID": 78,
      "direction": 23.622267224642417,
      "state": {
        "Opinion": 1
      },
      "x_position": 248.21791574598615,
      "y_position": 164.4565532429371
    },
    {
      "ID": 79,
      "direction": 23.976423300093888,
      "state": {
        "Opinion": 1
      },
      "x_position": 286.73747044212155,
      "y_position": 215.9670699559307
    },
    {
      "ID": 80,
      "direction": 11.548971645848287,
      "state": {
        "Opinion": 2
      },
      "x_position": -509.25124278284926,
      "y_position": -380.55910915092363
    },
    {
      "ID": 81,
      "direction": 18.78553186739693,
      "state": {
        "Opinion": 1
      },
      "x_position": -124.94960583307524,
      "y_position": 174.9377271550878
    },
    {
      "ID": 82,
      "direction": 22.95904408985837,
      "state": {
        "Opinion": 1
      },
      "x_position": 13.860562599685336,
      "y_position": -302.48107437860625
    },
    {
      "ID": 83,
      "direction": 16.411888375119247,
      "state": {
        "Opinion": 1
      },
      "x_position": -6.7720317614809398,
      "y_position": -274.95560745120008
    },
    {
      "ID": 84,
      "direction": 12.086387904507893,
      "state": {
        "Opinion": 2
      },
      "x_position": -479.6520607667378,
      "y_position": -398.83861071250089
    },
    {
      "ID": 85,
      "direction": 12.941598127958198,
      "state": {
        "Opinion": 2
      },
      "x_position": -63.707180322821564,
      "y_position": 133.05765693355164
    },
    {
      "ID": 86,
      "direction": 21.879851682333069,
      "state": {
        "Opinion": 2
      },
      "x_position": 229.01773879664614,
      "y_position": 88.252165367868457
    },
    {
      "ID": 87,
      "direction": 29.68364301482379,
      "state": {
        "Opinion": 1
      },
      "x_position": -68.229395287567712,
      "y_position": -235.31289244649179
    },
    {
      "ID": 88,
      "direction": 35.870825561921762,
      "state": {
        "Opinion": 1
      },
      "x_position": -79.785405650559767,
      "y_position": 67.230985499393583
    },
    {
      "ID": 89,
      "direction": 25.03162104811484,
      "state": {
        "Opinion": 2
      },
      "x_position": -135.30770532989141,
      "y_position": 278.50447922186106
    },
    {
      "ID": 90,
      "direction": 24.686192086737755,
      "state": {
        "Opinion": 1
      },
      "x_position": -105.13597793327888,
      "y_position": 43.813510017024932
    },
    {
      "ID": 91,
      "direction": 20.133799052540279,
      "state": {
        "Opinion": 2
      },
      "x_position": 642.62426770862953,
      "y_position": 173.7598787142031
    },
    {
      "ID": 92,
      "direction": 24.15604964541717,
      "state": {
        "Opinion": 2
      },
      "x_position": -26.026383384947817,
      "y_position": -39.482105451857919
    },
    {
      "ID": 93,
      "direction": 23.205574165701872,
      "state": {
        "Opinion": 1
      },
      "x_position": 142.43810799045005,
      "y_position": 478.68190020319742
    },
    {
      "ID": 94,
      "direction": 22.453629574816301,
      "state": {
        "Opinion": 1
      },
      "x_position": 88.234805116400821,
      "y_position": 61.081634474757578
    },
    {
      "ID": 95,
      "direction": 30.65448292338505,
      "state": {
        "Opinion": 1
      },
      "x_position": -799.40680218762952,
      "y_position": 17.592235785154987
    },
    {
      "ID": 96,
      "direction": 25.894105148508817,
      "state": {
        "Opinion": 2
      },
      "x_position": -14.432098040558198,
      "y_position": 164.55439081808612
    },
    {
      "ID": 97,
      "direction": 18.33538722631835,
      "state": {
        "Opinion": 2
      },
      "x_position": -311.31377764182804,
      "y_position": -311.36063978399801
    },
    {
      "ID": 98,
      "direction": 20.835567671500669,
      "state": {
        "Opinion": 2
      },
      "x_position": 799.69365174532891,
      "y_position": 14.974552706946405
    },
    {
      "ID": 99,
      "direction": 26.001734338110744,
      "state": {
        "Opinion": 1
      },
      "x_position": -781.48824051592715,
      "y_position": 103.23652369600963
    }
  ],
  "ticks": 19591
}